task|category|place_name|address|phone|website|lat|lon|who_it_helps|what_to_do|what_to_bring|local_reality|transportation_reality|no_car_score|best_for|warning|verified_date|source_name|source_url|keywords|bus_limitation|walking_difficulty|after_hours_issue|hidden_transportation_cost|suggested_workaround
What to do today|things to do|Visit Bowling Green visitor information|352 Three Springs Rd Bowling Green KY|270-782-0800|https://www.visitbgky.com|36.9289|-86.4334|visitors, day trippers, people passing through, new residents looking for ideas|Start with official visitor information, then choose one nearby activity based on time, weather, kids, pets, and transportation.|phone battery, water, weather plan, payment method if visiting paid attractions|Bowling Green has strong visitor stops, but they are spread out. Pick by area instead of trying to do everything.|Many attractions are easier with a car. Without one, start with downtown, WKU area, or parks that fit your route.|4|visitors, things to do, quick plans|Hours, tickets, tours, and seasonal events change. Verify before going.|2026-05-01|Visit Bowling Green|https://www.visitbgky.com|visitor tourist things to do today attraction downtown corvette cave road trip passing through|Transit may not reach every attraction conveniently.|Some destinations are separated by highways or car-oriented roads.|Evening return trips can be harder without a car.|Rideshare between attractions can add up.|Choose one cluster and verify hours before moving across town.
Passing through essentials|visitor info|Downtown Bowling Green|Fountain Square Park Bowling Green KY||https://www.bgky.org|36.9958|-86.4436|road trippers, visitors with a few hours, people waiting in town|Use downtown for a short walk, food nearby, photos, and a simple first stop. Then decide whether to add a park, museum, cave, or campus area.|phone charger, water, parking plan, pet leash if needed|People passing through need low-friction stops. Downtown is easier to understand than many outer corridors.|Downtown is one of the more realistic areas for walking, but transit and parking still need checking.|8|quick stop, downtown, food, walking|Do not leave valuables visible in a vehicle. Check parking rules and business hours.|2026-05-01|City of Bowling Green|https://www.bgky.org|passing through road trip quick stop downtown food restroom visitor|Central routes may help but are not a full visitor shuttle.|Downtown walking is easier than outer roads, but crossings still matter.|Late-night options are more limited.|Parking, rideshare, or paid lots may add cost.|Start downtown, keep the stop simple, and pick the next stop by travel time.
Free or low-cost local stop|things to do|Fountain Square Park|Downtown Bowling Green KY|270-393-3000|https://www.bgky.org|36.9958|-86.4436|visitors, families, students, people without much money|Use Fountain Square and downtown streets for a short free stop, photos, local food nearby, and a break from driving.|comfortable shoes, water, weather plan|This is a small urban stop, not a full-day attraction. It works best as part of downtown food or errands.|One of the easier places to try without a car or with limited time.|9|free stop, downtown, walking, families|Events, construction, weather, and parking can change the experience.|2026-05-01|City of Bowling Green|https://www.bgky.org|free things to do low cost downtown fountain square visitor walking|Bus can help for central trips but verify current routes.|Sidewalks are better downtown than many outer corridors.|Late evenings need normal safety planning.|Parking or rides can cost money.|Pair it with food, library, or another downtown stop.
Get food today|food|Start Here Warren County|1001 Center St Bowling Green KY|270-715-8863|https://www.startherewarrencounty.org|36.9946|-86.4436|people needing food, housing, utility, or crisis referrals|Call or visit Start Here to ask which pantry or meal site fits your situation today. Ask about documents and hours before traveling.|ID if available, proof of address if available, list of household members|Start Here is a referral hub, not a grocery store. It can save time by pointing you to the right food option.|Downtown is more reachable than many outer shopping areas, but bus timing and return trips still matter.|8|urgent food, referrals, newcomers|Pantry hours change. Call before going.|2026-05-01|Start Here Warren County|https://www.startherewarrencounty.org|food pantry meal hunger newcomer help no car referral bus|Routes may be limited outside weekday daytime service.|Downtown sidewalks are better than outer corridors but crossings can still be busy.|Evening and weekend food options may be harder to reach.|Rideshare can cost more than the food savings.|Call first and ask if there is a closer pantry or delivery/referral option.
Cheap groceries|groceries|Walmart Campbell Lane grocery area|1201 Morgantown Rd Bowling Green KY|270-780-9996|https://www.walmart.com|36.9681|-86.4687|families, students, workers, anyone comparing low-cost groceries|Use this area for lower-cost groceries and basics. Compare bus access and carrying distance before buying more than you can carry.|shopping list, reusable bags, payment method|Campbell Lane and Morgantown Road stores can be useful but are built for cars. Carrying groceries by bus is tiring.|Possible without a car if you plan light loads around GoBG Transit hours.|5|cheap groceries, household basics|Do not assume a short map distance means safe walking.|2026-05-01|Walmart|https://www.walmart.com|cheap groceries walmart campbell lane food no car bus international basics|Bus may not run late enough for evening grocery trips.|Large roads and parking lots make walking uncomfortable.|Late shopping may leave few affordable return options.|Taxi or rideshare can erase grocery savings.|Buy smaller loads more often and use a backpack or cart.
Driver's license / REAL ID|driver license|KYTC Driver Licensing Regional Office - Bowling Green|360 E 8th Ave Bowling Green KY|270-746-7493|https://drive.ky.gov|36.9915|-86.4407|new Kentucky residents, workers, students, people needing REAL ID|Check KYTC document rules online and schedule or confirm service before going. REAL ID and licensing rules depend on your status and documents.|proof of identity, Social Security proof if applicable, two proofs of Kentucky residency, immigration documents if applicable|Driver licensing is document-heavy. One missing paper can mean a wasted trip.|Downtown location is more realistic without a car than many state offices, but appointment timing matters.|7|license, REAL ID, state ID|Rules change and document requirements are strict. Verify on drive.ky.gov.|2026-05-01|Kentucky Transportation Cabinet|https://drive.ky.gov|driver license real id kytc id driving permit newcomer documents|Bus schedules may not match appointment windows.|Downtown walk is manageable for some but weather matters.|Missed appointments can delay licensing.|Rideshare plus repeat visits can get expensive.|Use KYTC online checklist and call before traveling.
No car / bus help|transportation|GoBG Transit|304 E 11th Ave Bowling Green KY|270-782-3162|https://www.bgky.org/transit|36.9894|-86.4415|people without cars, workers, students, families|Use GoBG Transit maps and schedules before choosing a job, clinic, grocery trip, or appointment. Plan the return trip first.|fare payment, route or schedule screenshot, backup ride plan|Bowling Green can look close on a map, but sidewalks, bus hours, heat, and road design matter.|This is the main public transit option, but it does not make every errand easy.|9|bus planning, no-car life|Always check current routes and service hours.|2026-05-01|City of Bowling Green Transit|https://www.bgky.org/transit|bus gobg transit no car transportation route schedule walking|Even useful routes may have limited frequency or hours.|Some stops require walking along busy roads.|Late shifts and weekends can be difficult.|Missed buses may create taxi costs.|Plan by the return trip and keep a backup contact.
Refugee & newcomer help|refugee support|International Center of Kentucky|806 Kenton St Bowling Green KY|270-781-8336|https://icofky.com|36.9864|-86.4487|refugees, immigrants, New Americans, families|Contact the International Center for resettlement-related questions, case support, interpretation referrals, and newcomer navigation.|ID or case papers if you have them, questions written down, contact information|Many services depend on eligibility and program capacity. Calling first prevents confusion.|Reachable for some central residents, but bus and walking conditions still need planning.|7|refugee support, immigrant help, interpretation|Do not assume walk-in service is available. Call ahead.|2026-05-01|International Center of Kentucky|https://icofky.com|refugee immigrant newcomer new american international center help interpretation|Transit may require walking from a stop.|Some nearby streets may feel uncomfortable in heat or bad weather.|Office service is usually daytime.|Repeat trips can cost money and time.|Call first and ask what can be handled by phone.
New Americans city support|refugee support|City of Bowling Green New Americans Program|1001 College St Bowling Green KY|270-393-3000|https://www.bgky.org/new-americans|36.9965|-86.4434|New Americans, immigrant communities, service partners|Use the city program as a civic connection point for newcomer resources, community questions, and local navigation.|questions, language needs, contact information|This is a city program and connector, not an emergency service.|Central city offices are more reachable than many destinations, but hours are limited.|8|city services, newcomer navigation|For urgent needs, use emergency or direct service providers.|2026-05-01|City of Bowling Green|https://www.bgky.org/new-americans|new americans city bowling green immigrant newcomer resources|Central routes may help but schedules still matter.|Downtown walking is more feasible than outer corridors.|City offices may close before workers are free.|Return ride after an appointment may be the issue.|Call or email before visiting.
Housing & shelter help|housing|Start Here Warren County|1001 Center St Bowling Green KY|270-715-8863|https://www.startherewarrencounty.org|36.9946|-86.4436|people facing homelessness, eviction, unsafe housing, or utility crisis|Ask Start Here for coordinated referrals to shelter, housing, utility help, or emergency resources.|ID if available, eviction notice or lease if applicable, household details|Housing help can be limited and may require multiple calls. Start with referrals instead of guessing.|Downtown access helps, but crisis appointments can still be hard without a ride.|8|housing referrals, shelter navigation|Availability changes quickly. Call as early in the day as possible.|2026-05-01|Start Here Warren County|https://www.startherewarrencounty.org|housing shelter eviction rent homeless start here|Bus helps for downtown but not every referred shelter or office.|Walking with belongings or children can be difficult.|After-hours shelter needs require special planning.|Emergency rides may become costly.|Call early and ask about phone intake or closer partners.
Healthcare basics|healthcare|Fairview Community Health Center|225 Natchez Trace Ave Bowling Green KY|270-783-3573|https://fairviewcommunityhealth.org|36.9872|-86.4632|uninsured people, families, workers, newcomers needing primary care|Call to ask about appointments, sliding-fee options, documents, and interpretation needs before going.|ID if available, insurance card if any, medication list, income information if requested|Clinics may have wait times and paperwork. Bring medicine names and past records if possible.|Possible without a car for some neighborhoods, but not effortless. Plan around appointment and return bus times.|6|primary care, uninsured care, families|For emergencies call 911 or go to an emergency department.|2026-05-01|Fairview Community Health Center|https://fairviewcommunityhealth.org|healthcare clinic doctor uninsured medical newcomer|Bus timing may not fit medical appointments.|Walking may be hard when sick or with children.|Urgent after-hours care may require a different location.|Missed bus after clinic can mean rideshare cost.|Ask clinic about telehealth or appointment times that match transit.
Library / computer access|library/community|Warren County Public Library - Bob Kirby Branch|175 Iron Skillet Ct Bowling Green KY|270-782-0252|https://warrenpl.org|36.9387|-86.4203|people needing internet, printing, job search, studying, children programs|Use the library for computers, Wi-Fi, printing, forms, classes, and quiet study. Ask about library card requirements.|photo ID if available, proof of address if applying for a card, files to print|Libraries are practical newcomer infrastructure: internet, forms, kids programs, and calm space.|Branches vary by location. Pick the branch you can actually reach.|5|computer access, forms, kids, job search|Printing may cost money and hours vary by branch.|2026-05-01|Warren County Public Library|https://warrenpl.org|library computer internet printing forms job search kids|Some branches are harder by bus than downtown.|Walking depends heavily on branch location.|Evening access may be limited.|Printing and rides can add small costs.|Choose the most reachable branch before applying.
Jobs & work access|jobs|Kentucky Career Center - Bowling Green|803 Chestnut St Bowling Green KY|270-746-7425|https://kcc.ky.gov|36.9953|-86.4413|job seekers, workers, people needing resumes or workforce help|Ask about job search help, unemployment resources, resumes, training referrals, and workforce programs.|ID, resume if you have one, work authorization documents if applicable|Work help is useful, but transportation determines which jobs are realistic.|Downtown location is comparatively reachable, but many jobs are outside easy bus coverage.|8|jobs, resumes, workforce help|Verify eligibility and appointment rules before going.|2026-05-01|Kentucky Career Center|https://kcc.ky.gov|jobs work employment career resume workforce|Office may be reachable while job sites are not.|Downtown walk is possible for some residents.|Many shifts begin or end outside bus hours.|Commuting costs can make low wages harder.|Search jobs by commute first, not just wage.
First 30 days plan|first 30 days|NewBG Local Plan|Online/local checklist||https://www.bgky.org|36.9685|-86.4808|new residents, families, students, workers, refugees, pet owners|Make a practical first-month plan: food, housing, phone, documents, transportation, healthcare, school or work, library, parks, and pet needs.|IDs if available; proof of address; lease; medical records; school papers; pet vaccine records|The first month is easier if you group errands by area and call before every office visit.|No-car newcomers should plan trips around transit first, then choose services.|10|newcomer checklist, first month|Do not spend money traveling to offices without confirming documents and hours.|2026-05-01|NewBG demo data|https://www.bgky.org|first 30 days newcomer new here help checklist no car family refugee student|Transit planning should come before office planning.|Walking conditions vary block by block.|Many offices are weekday daytime only.|Multiple errands can create multiple fares or rideshares.|Group downtown errands and use phone or email first.
